index	path	status	old_path_if_renamed	diff_file
001	.github/workflows/kurtosis-eip8025.yml	A		notes/raw/lh-files/001.diff
002	.github/workflows/nightly-tests.yml	M		notes/raw/lh-files/002.diff
003	.github/workflows/test-suite.yml	M		notes/raw/lh-files/003.diff
004	.github/workflows/zkboost-tests.yml	A		notes/raw/lh-files/004.diff
005	Cargo.lock	M		notes/raw/lh-files/005.diff
006	Cargo.toml	M		notes/raw/lh-files/006.diff
007	Makefile	M		notes/raw/lh-files/007.diff
008	beacon_node/beacon_chain/src/beacon_chain.rs	M		notes/raw/lh-files/008.diff
009	beacon_node/beacon_chain/src/blob_verification.rs	M		notes/raw/lh-files/009.diff
010	beacon_node/beacon_chain/src/block_production/mod.rs	M		notes/raw/lh-files/010.diff
011	beacon_node/beacon_chain/src/block_verification.rs	M		notes/raw/lh-files/011.diff
012	beacon_node/beacon_chain/src/builder.rs	M		notes/raw/lh-files/012.diff
013	beacon_node/beacon_chain/src/canonical_head.rs	M		notes/raw/lh-files/013.diff
014	beacon_node/beacon_chain/src/chain_config.rs	M		notes/raw/lh-files/014.diff
015	beacon_node/beacon_chain/src/data_availability_checker.rs	M		notes/raw/lh-files/015.diff
016	beacon_node/beacon_chain/src/data_availability_checker/error.rs	M		notes/raw/lh-files/016.diff
017	beacon_node/beacon_chain/src/data_availability_checker/overflow_lru_cache.rs	M		notes/raw/lh-files/017.diff
018	beacon_node/beacon_chain/src/eip8025/mod.rs	A		notes/raw/lh-files/018.diff
019	beacon_node/beacon_chain/src/eip8025/proof_status.rs	A		notes/raw/lh-files/019.diff
020	beacon_node/beacon_chain/src/eip8025/proof_verification.rs	A		notes/raw/lh-files/020.diff
021	beacon_node/beacon_chain/src/errors.rs	M		notes/raw/lh-files/021.diff
022	beacon_node/beacon_chain/src/execution_payload.rs	M		notes/raw/lh-files/022.diff
023	beacon_node/beacon_chain/src/fetch_blobs/fetch_blobs_beacon_adapter.rs	M		notes/raw/lh-files/023.diff
024	beacon_node/beacon_chain/src/fetch_blobs/mod.rs	M		notes/raw/lh-files/024.diff
025	beacon_node/beacon_chain/src/fetch_blobs/tests.rs	M		notes/raw/lh-files/025.diff
026	beacon_node/beacon_chain/src/internal_events.rs	A		notes/raw/lh-files/026.diff
027	beacon_node/beacon_chain/src/lib.rs	M		notes/raw/lh-files/027.diff
028	beacon_node/beacon_chain/src/observed_execution_proofs.rs	A		notes/raw/lh-files/028.diff
029	beacon_node/beacon_chain/src/payload_envelope_verification/import.rs	M		notes/raw/lh-files/029.diff
030	beacon_node/beacon_chain/src/payload_envelope_verification/payload_notifier.rs	M		notes/raw/lh-files/030.diff
031	beacon_node/beacon_chain/src/test_utils.rs	M		notes/raw/lh-files/031.diff
032	beacon_node/beacon_chain/tests/attestation_production.rs	M		notes/raw/lh-files/032.diff
033	beacon_node/beacon_chain/tests/attestation_verification.rs	M		notes/raw/lh-files/033.diff
034	beacon_node/beacon_chain/tests/block_verification.rs	M		notes/raw/lh-files/034.diff
035	beacon_node/beacon_chain/tests/events.rs	M		notes/raw/lh-files/035.diff
036	beacon_node/beacon_chain/tests/payload_invalidation.rs	M		notes/raw/lh-files/036.diff
037	beacon_node/beacon_chain/tests/store_tests.rs	M		notes/raw/lh-files/037.diff
038	beacon_node/beacon_processor/src/lib.rs	M		notes/raw/lh-files/038.diff
039	beacon_node/beacon_processor/src/scheduler/work_queue.rs	M		notes/raw/lh-files/039.diff
040	beacon_node/beacon_processor/src/scheduler/work_reprocessing_queue.rs	M		notes/raw/lh-files/040.diff
041	beacon_node/execution_layer/Cargo.toml	M		notes/raw/lh-files/041.diff
042	beacon_node/execution_layer/src/eip8025/errors.rs	A		notes/raw/lh-files/042.diff
043	beacon_node/execution_layer/src/eip8025/mod.rs	A		notes/raw/lh-files/043.diff
044	beacon_node/execution_layer/src/eip8025/proof_engine.rs	A		notes/raw/lh-files/044.diff
045	beacon_node/execution_layer/src/eip8025/proof_node_client.rs	A		notes/raw/lh-files/045.diff
046	beacon_node/execution_layer/src/eip8025/types.rs	A		notes/raw/lh-files/046.diff
047	beacon_node/execution_layer/src/engine_api.rs	M		notes/raw/lh-files/047.diff
048	beacon_node/execution_layer/src/engine_api/http.rs	M		notes/raw/lh-files/048.diff
049	beacon_node/execution_layer/src/engine_api/new_payload_request.rs	M		notes/raw/lh-files/049.diff
050	beacon_node/execution_layer/src/lib.rs	M		notes/raw/lh-files/050.diff
051	beacon_node/execution_layer/src/test_utils/execution_block_generator.rs	M		notes/raw/lh-files/051.diff
052	beacon_node/execution_layer/src/test_utils/handle_rpc.rs	M		notes/raw/lh-files/052.diff
053	beacon_node/execution_layer/src/test_utils/mock_event_stream.rs	A		notes/raw/lh-files/053.diff
054	beacon_node/execution_layer/src/test_utils/mock_proof_node_client.rs	A		notes/raw/lh-files/054.diff
055	beacon_node/execution_layer/src/test_utils/mod.rs	M		notes/raw/lh-files/055.diff
056	beacon_node/http_api/src/beacon/execution_payload_bid.rs	A		notes/raw/lh-files/056.diff
057	beacon_node/http_api/src/beacon/execution_payload_envelope.rs	M		notes/raw/lh-files/057.diff
058	beacon_node/http_api/src/beacon/mod.rs	M		notes/raw/lh-files/058.diff
059	beacon_node/http_api/src/beacon/pool.rs	M		notes/raw/lh-files/059.diff
060	beacon_node/http_api/src/block_id.rs	M		notes/raw/lh-files/060.diff
061	beacon_node/http_api/src/lib.rs	M		notes/raw/lh-files/061.diff
062	beacon_node/http_api/src/publish_blocks.rs	M		notes/raw/lh-files/062.diff
063	beacon_node/http_api/tests/broadcast_validation_tests.rs	M		notes/raw/lh-files/063.diff
064	beacon_node/http_api/tests/tests.rs	M		notes/raw/lh-files/064.diff
065	beacon_node/lighthouse_network/src/config.rs	M		notes/raw/lh-files/065.diff
066	beacon_node/lighthouse_network/src/discovery/enr.rs	M		notes/raw/lh-files/066.diff
067	beacon_node/lighthouse_network/src/peer_manager/mod.rs	M		notes/raw/lh-files/067.diff
068	beacon_node/lighthouse_network/src/peer_manager/peerdb.rs	M		notes/raw/lh-files/068.diff
069	beacon_node/lighthouse_network/src/rpc/codec.rs	M		notes/raw/lh-files/069.diff
070	beacon_node/lighthouse_network/src/rpc/config.rs	M		notes/raw/lh-files/070.diff
071	beacon_node/lighthouse_network/src/rpc/methods.rs	M		notes/raw/lh-files/071.diff
072	beacon_node/lighthouse_network/src/rpc/mod.rs	M		notes/raw/lh-files/072.diff
073	beacon_node/lighthouse_network/src/rpc/protocol.rs	M		notes/raw/lh-files/073.diff
074	beacon_node/lighthouse_network/src/rpc/rate_limiter.rs	M		notes/raw/lh-files/074.diff
075	beacon_node/lighthouse_network/src/service/api_types.rs	M		notes/raw/lh-files/075.diff
076	beacon_node/lighthouse_network/src/service/gossip_cache.rs	M		notes/raw/lh-files/076.diff
077	beacon_node/lighthouse_network/src/service/mod.rs	M		notes/raw/lh-files/077.diff
078	beacon_node/lighthouse_network/src/service/utils.rs	M		notes/raw/lh-files/078.diff
079	beacon_node/lighthouse_network/src/types/globals.rs	M		notes/raw/lh-files/079.diff
080	beacon_node/lighthouse_network/src/types/pubsub.rs	M		notes/raw/lh-files/080.diff
081	beacon_node/lighthouse_network/src/types/topics.rs	M		notes/raw/lh-files/081.diff
082	beacon_node/network/src/lib.rs	M		notes/raw/lh-files/082.diff
083	beacon_node/network/src/metrics.rs	M		notes/raw/lh-files/083.diff
084	beacon_node/network/src/network_beacon_processor/gossip_methods.rs	M		notes/raw/lh-files/084.diff
085	beacon_node/network/src/network_beacon_processor/mod.rs	M		notes/raw/lh-files/085.diff
086	beacon_node/network/src/network_beacon_processor/rpc_methods.rs	M		notes/raw/lh-files/086.diff
087	beacon_node/network/src/network_beacon_processor/sync_methods.rs	M		notes/raw/lh-files/087.diff
088	beacon_node/network/src/network_beacon_processor/tests.rs	M		notes/raw/lh-files/088.diff
089	beacon_node/network/src/router.rs	M		notes/raw/lh-files/089.diff
090	beacon_node/network/src/sync/backfill_sync/mod.rs	M		notes/raw/lh-files/090.diff
091	beacon_node/network/src/sync/block_lookups/common.rs	D		notes/raw/lh-files/091.diff
092	beacon_node/network/src/sync/block_lookups/mod.rs	M		notes/raw/lh-files/092.diff
093	beacon_node/network/src/sync/block_lookups/single_block_lookup.rs	M		notes/raw/lh-files/093.diff
094	beacon_node/network/src/sync/block_sidecar_coupling.rs	M		notes/raw/lh-files/094.diff
095	beacon_node/network/src/sync/custody_backfill_sync/mod.rs	M		notes/raw/lh-files/095.diff
096	beacon_node/network/src/sync/manager.rs	M		notes/raw/lh-files/096.diff
097	beacon_node/network/src/sync/mod.rs	M		notes/raw/lh-files/097.diff
098	beacon_node/network/src/sync/network_context.rs	M		notes/raw/lh-files/098.diff
099	beacon_node/network/src/sync/network_context/custody.rs	M		notes/raw/lh-files/099.diff
100	beacon_node/network/src/sync/network_context/requests.rs	M		notes/raw/lh-files/100.diff
101	beacon_node/network/src/sync/network_context/requests/blobs_by_range.rs	M		notes/raw/lh-files/101.diff
102	beacon_node/network/src/sync/network_context/requests/blobs_by_root.rs	D		notes/raw/lh-files/102.diff
103	beacon_node/network/src/sync/proof_sync.rs	A		notes/raw/lh-files/103.diff
104	beacon_node/network/src/sync/tests/lookups.rs	M		notes/raw/lh-files/104.diff
105	beacon_node/network/src/sync/tests/range.rs	M		notes/raw/lh-files/105.diff
106	beacon_node/src/cli.rs	M		notes/raw/lh-files/106.diff
107	beacon_node/src/config.rs	M		notes/raw/lh-files/107.diff
108	book/src/help_bn.md	M		notes/raw/lh-files/108.diff
109	book/src/help_vc.md	M		notes/raw/lh-files/109.diff
110	common/eth2/src/lib.rs	M		notes/raw/lh-files/110.diff
111	consensus/fork_choice/src/fork_choice.rs	M		notes/raw/lh-files/111.diff
112	consensus/fork_choice/src/lib.rs	M		notes/raw/lh-files/112.diff
113	consensus/proto_array/Cargo.toml	M		notes/raw/lh-files/113.diff
114	consensus/proto_array/benches/find_head.rs	A		notes/raw/lh-files/114.diff
115	consensus/proto_array/src/error.rs	M		notes/raw/lh-files/115.diff
116	consensus/proto_array/src/fork_choice_test_definition.rs	M		notes/raw/lh-files/116.diff
117	consensus/proto_array/src/fork_choice_test_definition/gloas_payload.rs	M		notes/raw/lh-files/117.diff
118	consensus/proto_array/src/proto_array.rs	M		notes/raw/lh-files/118.diff
119	consensus/proto_array/src/proto_array_fork_choice.rs	M		notes/raw/lh-files/119.diff
120	consensus/proto_array/src/ssz_container.rs	M		notes/raw/lh-files/120.diff
121	consensus/types/src/core/chain_spec.rs	M		notes/raw/lh-files/121.diff
122	consensus/types/src/core/config_and_preset.rs	M		notes/raw/lh-files/122.diff
123	consensus/types/src/data/partial_data_column_sidecar.rs	M		notes/raw/lh-files/123.diff
124	consensus/types/src/execution/eip8025.rs	A		notes/raw/lh-files/124.diff
125	consensus/types/src/execution/mod.rs	M		notes/raw/lh-files/125.diff
126	lighthouse/environment/Cargo.toml	M		notes/raw/lh-files/126.diff
127	lighthouse/environment/src/lib.rs	M		notes/raw/lh-files/127.diff
128	lighthouse/environment/src/test_utils.rs	A		notes/raw/lh-files/128.diff
129	scripts/local_testnet/network_params_eip8025.yaml	A		notes/raw/lh-files/129.diff
130	scripts/local_testnet/network_params_eip8025_zkboost.yaml	A		notes/raw/lh-files/130.diff
131	scripts/local_testnet/network_params_eip8025_zkboost_gpu.yaml	A		notes/raw/lh-files/131.diff
132	scripts/local_testnet/start_eip8025_testnet.sh	A		notes/raw/lh-files/132.diff
133	testing/ef_tests/Cargo.toml	M		notes/raw/lh-files/133.diff
134	testing/ef_tests/check_all_files_accessed.py	M		notes/raw/lh-files/134.diff
135	testing/ef_tests/src/cases.rs	M		notes/raw/lh-files/135.diff
136	testing/ef_tests/src/cases/fork_choice.rs	M		notes/raw/lh-files/136.diff
137	testing/ef_tests/src/cases/gossip_validation.rs	A		notes/raw/lh-files/137.diff
138	testing/ef_tests/src/handler.rs	M		notes/raw/lh-files/138.diff
139	testing/ef_tests/tests/tests.rs	M		notes/raw/lh-files/139.diff
140	testing/proof_engine/Cargo.toml	A		notes/raw/lh-files/140.diff
141	testing/proof_engine/src/lib.rs	A		notes/raw/lh-files/141.diff
142	testing/proof_engine/src/rig.rs	A		notes/raw/lh-files/142.diff
143	testing/proof_engine_zkboost/Cargo.lock	A		notes/raw/lh-files/143.diff
144	testing/proof_engine_zkboost/Cargo.toml	A		notes/raw/lh-files/144.diff
145	testing/proof_engine_zkboost/src/lib.rs	A		notes/raw/lh-files/145.diff
146	testing/proof_engine_zkboost/src/zkboost_harness.rs	A		notes/raw/lh-files/146.diff
147	testing/proof_engine_zkboost/tests/fixture/chain_config.json	A		notes/raw/lh-files/147.diff
148	testing/proof_engine_zkboost/tests/fixture/execution_witness.json	A		notes/raw/lh-files/148.diff
149	testing/proof_engine_zkboost/tests/fixture/new_payload_request.ssz	A		notes/raw/lh-files/149.diff
150	testing/simulator/Cargo.toml	M		notes/raw/lh-files/150.diff
151	testing/simulator/src/basic_sim.rs	M		notes/raw/lh-files/151.diff
152	testing/simulator/src/fallback_sim.rs	M		notes/raw/lh-files/152.diff
153	testing/simulator/src/lib.rs	A		notes/raw/lh-files/153.diff
154	testing/simulator/src/local_network.rs	M		notes/raw/lh-files/154.diff
155	testing/simulator/src/test_utils/builder.rs	A		notes/raw/lh-files/155.diff
156	testing/simulator/src/test_utils/event_stream.rs	A		notes/raw/lh-files/156.diff
157	testing/simulator/src/test_utils/mod.rs	A		notes/raw/lh-files/157.diff
158	validator_client/Cargo.toml	M		notes/raw/lh-files/158.diff
159	validator_client/http_api/src/lib.rs	M		notes/raw/lh-files/159.diff
160	validator_client/http_api/src/test_utils.rs	M		notes/raw/lh-files/160.diff
161	validator_client/http_api/src/tests.rs	M		notes/raw/lh-files/161.diff
162	validator_client/lighthouse_validator_store/src/lib.rs	M		notes/raw/lh-files/162.diff
163	validator_client/signing_method/src/lib.rs	M		notes/raw/lh-files/163.diff
164	validator_client/signing_method/src/web3signer.rs	M		notes/raw/lh-files/164.diff
165	validator_client/src/cli.rs	M		notes/raw/lh-files/165.diff
166	validator_client/src/config.rs	M		notes/raw/lh-files/166.diff
167	validator_client/src/lib.rs	M		notes/raw/lh-files/167.diff
168	validator_client/validator_metrics/src/lib.rs	M		notes/raw/lh-files/168.diff
169	validator_client/validator_services/Cargo.toml	M		notes/raw/lh-files/169.diff
170	validator_client/validator_services/src/lib.rs	M		notes/raw/lh-files/170.diff
171	validator_client/validator_services/src/proof_service.rs	A		notes/raw/lh-files/171.diff
172	validator_client/validator_store/src/lib.rs	M		notes/raw/lh-files/172.diff
